pattern_id,growth,peak_risk
48,48.81120250691428,83.0244918887317
60,0.0,19.555075727316037
141,0.0,50.99783666773031
147,0.27550189028686844,32.8289985252237
239,64.11589030110927,64.11589030110927
