metric,mean,std,ci95_low,ci95_high,n
F1,0.2918300653594771,0.10183622974488628,0.24719836983223414,0.33646176088672003,20
Account coverage,0.4607247363471244,0.18311280098360572,0.3804720129193768,0.540977459774872,20
Edge coverage,0.20294117647058818,0.13010649435181426,0.14591949119635775,0.2599628617448186,20
Overlap,0.2,0.4103913408340617,0.02013806464547957,0.37986193535452045,20
Distinct typologies,2.7,0.47016234598162726,2.493942266649164,2.906057733350836,20
Duplicate pattern selections,0.2,0.4103913408340617,0.02013806464547957,0.37986193535452045,20
